record_date,location,total_vaccinations,previous_total_vaxed,total_vaxed,people_fully_vaccinated,new_vaccinations
2020-01-22,World,NULL,NULL,NULL,NULL,NULL
2020-01-23,World,NULL,NULL,NULL,NULL,NULL
2020-01-24,World,NULL,NULL,NULL,NULL,NULL
2020-01-25,World,NULL,NULL,NULL,NULL,NULL
2020-01-26,World,NULL,NULL,NULL,NULL,NULL
2020-01-27,World,NULL,NULL,NULL,NULL,NULL
2020-01-28,World,NULL,NULL,NULL,NULL,NULL
2020-01-29,World,NULL,NULL,NULL,NULL,NULL
2020-01-30,World,NULL,NULL,NULL,NULL,NULL
2020-01-31,World,NULL,NULL,NULL,NULL,NULL
2020-02-01,World,NULL,NULL,NULL,NULL,NULL
2020-02-02,World,NULL,NULL,NULL,NULL,NULL
2020-02-03,World,NULL,NULL,NULL,NULL,NULL
2020-02-04,World,NULL,NULL,NULL,NULL,NULL
2020-02-05,World,NULL,NULL,NULL,NULL,NULL
2020-02-06,World,NULL,NULL,NULL,NULL,NULL
2020-02-07,World,NULL,NULL,NULL,NULL,NULL
2020-02-08,World,NULL,NULL,NULL,NULL,NULL
2020-02-09,World,NULL,NULL,NULL,NULL,NULL
2020-02-10,World,NULL,NULL,NULL,NULL,NULL
2020-02-11,World,NULL,NULL,NULL,NULL,NULL
2020-02-12,World,NULL,NULL,NULL,NULL,NULL
2020-02-13,World,NULL,NULL,NULL,NULL,NULL
2020-02-14,World,NULL,NULL,NULL,NULL,NULL
2020-02-15,World,NULL,NULL,NULL,NULL,NULL
2020-02-16,World,NULL,NULL,NULL,NULL,NULL
2020-02-17,World,NULL,NULL,NULL,NULL,NULL
2020-02-18,World,NULL,NULL,NULL,NULL,NULL
2020-02-19,World,NULL,NULL,NULL,NULL,NULL
2020-02-20,World,NULL,NULL,NULL,NULL,NULL
2020-02-21,World,NULL,NULL,NULL,NULL,NULL
2020-02-22,World,NULL,NULL,NULL,NULL,NULL
2020-02-23,World,NULL,NULL,NULL,NULL,NULL
2020-02-24,World,NULL,NULL,NULL,NULL,NULL
2020-02-25,World,NULL,NULL,NULL,NULL,NULL
2020-02-26,World,NULL,NULL,NULL,NULL,NULL
2020-02-27,World,NULL,NULL,NULL,NULL,NULL
2020-02-28,World,NULL,NULL,NULL,NULL,NULL
2020-02-29,World,NULL,NULL,NULL,NULL,NULL
2020-03-01,World,NULL,NULL,NULL,NULL,NULL
2020-03-02,World,NULL,NULL,NULL,NULL,NULL
2020-03-03,World,NULL,NULL,NULL,NULL,NULL
2020-03-04,World,NULL,NULL,NULL,NULL,NULL
2020-03-05,World,NULL,NULL,NULL,NULL,NULL
2020-03-06,World,NULL,NULL,NULL,NULL,NULL
2020-03-07,World,NULL,NULL,NULL,NULL,NULL
2020-03-08,World,NULL,NULL,NULL,NULL,NULL
2020-03-09,World,NULL,NULL,NULL,NULL,NULL
2020-03-10,World,NULL,NULL,NULL,NULL,NULL
2020-03-11,World,NULL,NULL,NULL,NULL,NULL
2020-03-12,World,NULL,NULL,NULL,NULL,NULL
2020-03-13,World,NULL,NULL,NULL,NULL,NULL
2020-03-14,World,NULL,NULL,NULL,NULL,NULL
2020-03-15,World,NULL,NULL,NULL,NULL,NULL
2020-03-16,World,NULL,NULL,NULL,NULL,NULL
2020-03-17,World,NULL,NULL,NULL,NULL,NULL
2020-03-18,World,NULL,NULL,NULL,NULL,NULL
2020-03-19,World,NULL,NULL,NULL,NULL,NULL
2020-03-20,World,NULL,NULL,NULL,NULL,NULL
2020-03-21,World,NULL,NULL,NULL,NULL,NULL
2020-03-22,World,NULL,NULL,NULL,NULL,NULL
2020-03-23,World,NULL,NULL,NULL,NULL,NULL
2020-03-24,World,NULL,NULL,NULL,NULL,NULL
2020-03-25,World,NULL,NULL,NULL,NULL,NULL
2020-03-26,World,NULL,NULL,NULL,NULL,NULL
2020-03-27,World,NULL,NULL,NULL,NULL,NULL
2020-03-28,World,NULL,NULL,NULL,NULL,NULL
2020-03-29,World,NULL,NULL,NULL,NULL,NULL
2020-03-30,World,NULL,NULL,NULL,NULL,NULL
2020-03-31,World,NULL,NULL,NULL,NULL,NULL
2020-04-01,World,NULL,NULL,NULL,NULL,NULL
2020-04-02,World,NULL,NULL,NULL,NULL,NULL
2020-04-03,World,NULL,NULL,NULL,NULL,NULL
2020-04-04,World,NULL,NULL,NULL,NULL,NULL
2020-04-05,World,NULL,NULL,NULL,NULL,NULL
2020-04-06,World,NULL,NULL,NULL,NULL,NULL
2020-04-07,World,NULL,NULL,NULL,NULL,NULL
2020-04-08,World,NULL,NULL,NULL,NULL,NULL
2020-04-09,World,NULL,NULL,NULL,NULL,NULL
2020-04-10,World,NULL,NULL,NULL,NULL,NULL
2020-04-11,World,NULL,NULL,NULL,NULL,NULL
2020-04-12,World,NULL,NULL,NULL,NULL,NULL
2020-04-13,World,NULL,NULL,NULL,NULL,NULL
2020-04-14,World,NULL,NULL,NULL,NULL,NULL
2020-04-15,World,NULL,NULL,NULL,NULL,NULL
2020-04-16,World,NULL,NULL,NULL,NULL,NULL
2020-04-17,World,NULL,NULL,NULL,NULL,NULL
2020-04-18,World,NULL,NULL,NULL,NULL,NULL
2020-04-19,World,NULL,NULL,NULL,NULL,NULL
2020-04-20,World,NULL,NULL,NULL,NULL,NULL
2020-04-21,World,NULL,NULL,NULL,NULL,NULL
2020-04-22,World,NULL,NULL,NULL,NULL,NULL
2020-04-23,World,NULL,NULL,NULL,NULL,NULL
2020-04-24,World,NULL,NULL,NULL,NULL,NULL
2020-04-25,World,NULL,NULL,NULL,NULL,NULL
2020-04-26,World,NULL,NULL,NULL,NULL,NULL
2020-04-27,World,NULL,NULL,NULL,NULL,NULL
2020-04-28,World,NULL,NULL,NULL,NULL,NULL
2020-04-29,World,NULL,NULL,NULL,NULL,NULL
2020-04-30,World,NULL,NULL,NULL,NULL,NULL
2020-05-01,World,NULL,NULL,NULL,NULL,NULL
2020-05-02,World,NULL,NULL,NULL,NULL,NULL
2020-05-03,World,NULL,NULL,NULL,NULL,NULL
2020-05-04,World,NULL,NULL,NULL,NULL,NULL
2020-05-05,World,NULL,NULL,NULL,NULL,NULL
2020-05-06,World,NULL,NULL,NULL,NULL,NULL
2020-05-07,World,NULL,NULL,NULL,NULL,NULL
2020-05-08,World,NULL,NULL,NULL,NULL,NULL
2020-05-09,World,NULL,NULL,NULL,NULL,NULL
2020-05-10,World,NULL,NULL,NULL,NULL,NULL
2020-05-11,World,NULL,NULL,NULL,NULL,NULL
2020-05-12,World,NULL,NULL,NULL,NULL,NULL
2020-05-13,World,NULL,NULL,NULL,NULL,NULL
2020-05-14,World,NULL,NULL,NULL,NULL,NULL
2020-05-15,World,NULL,NULL,NULL,NULL,NULL
2020-05-16,World,NULL,NULL,NULL,NULL,NULL
2020-05-17,World,NULL,NULL,NULL,NULL,NULL
2020-05-18,World,NULL,NULL,NULL,NULL,NULL
2020-05-19,World,NULL,NULL,NULL,NULL,NULL
2020-05-20,World,NULL,NULL,NULL,NULL,NULL
2020-05-21,World,NULL,NULL,NULL,NULL,NULL
2020-05-22,World,NULL,NULL,NULL,NULL,NULL
2020-05-23,World,NULL,NULL,NULL,NULL,NULL
2020-05-24,World,NULL,NULL,NULL,NULL,NULL
2020-05-25,World,NULL,NULL,NULL,NULL,NULL
2020-05-26,World,NULL,NULL,NULL,NULL,NULL
2020-05-27,World,NULL,NULL,NULL,NULL,NULL
2020-05-28,World,NULL,NULL,NULL,NULL,NULL
2020-05-29,World,NULL,NULL,NULL,NULL,NULL
2020-05-30,World,NULL,NULL,NULL,NULL,NULL
2020-05-31,World,NULL,NULL,NULL,NULL,NULL
2020-06-01,World,NULL,NULL,NULL,NULL,NULL
2020-06-02,World,NULL,NULL,NULL,NULL,NULL
2020-06-03,World,NULL,NULL,NULL,NULL,NULL
2020-06-04,World,NULL,NULL,NULL,NULL,NULL
2020-06-05,World,NULL,NULL,NULL,NULL,NULL
2020-06-06,World,NULL,NULL,NULL,NULL,NULL
2020-06-07,World,NULL,NULL,NULL,NULL,NULL
2020-06-08,World,NULL,NULL,NULL,NULL,NULL
2020-06-09,World,NULL,NULL,NULL,NULL,NULL
2020-06-10,World,NULL,NULL,NULL,NULL,NULL
2020-06-11,World,NULL,NULL,NULL,NULL,NULL
2020-06-12,World,NULL,NULL,NULL,NULL,NULL
2020-06-13,World,NULL,NULL,NULL,NULL,NULL
2020-06-14,World,NULL,NULL,NULL,NULL,NULL
2020-06-15,World,NULL,NULL,NULL,NULL,NULL
2020-06-16,World,NULL,NULL,NULL,NULL,NULL
2020-06-17,World,NULL,NULL,NULL,NULL,NULL
2020-06-18,World,NULL,NULL,NULL,NULL,NULL
2020-06-19,World,NULL,NULL,NULL,NULL,NULL
2020-06-20,World,NULL,NULL,NULL,NULL,NULL
2020-06-21,World,NULL,NULL,NULL,NULL,NULL
2020-06-22,World,NULL,NULL,NULL,NULL,NULL
2020-06-23,World,NULL,NULL,NULL,NULL,NULL
2020-06-24,World,NULL,NULL,NULL,NULL,NULL
2020-06-25,World,NULL,NULL,NULL,NULL,NULL
2020-06-26,World,NULL,NULL,NULL,NULL,NULL
2020-06-27,World,NULL,NULL,NULL,NULL,NULL
2020-06-28,World,NULL,NULL,NULL,NULL,NULL
2020-06-29,World,NULL,NULL,NULL,NULL,NULL
2020-06-30,World,NULL,NULL,NULL,NULL,NULL
2020-07-01,World,NULL,NULL,NULL,NULL,NULL
2020-07-02,World,NULL,NULL,NULL,NULL,NULL
2020-07-03,World,NULL,NULL,NULL,NULL,NULL
2020-07-04,World,NULL,NULL,NULL,NULL,NULL
2020-07-05,World,NULL,NULL,NULL,NULL,NULL
2020-07-06,World,NULL,NULL,NULL,NULL,NULL
2020-07-07,World,NULL,NULL,NULL,NULL,NULL
2020-07-08,World,NULL,NULL,NULL,NULL,NULL
2020-07-09,World,NULL,NULL,NULL,NULL,NULL
2020-07-10,World,NULL,NULL,NULL,NULL,NULL
2020-07-11,World,NULL,NULL,NULL,NULL,NULL
2020-07-12,World,NULL,NULL,NULL,NULL,NULL
2020-07-13,World,NULL,NULL,NULL,NULL,NULL
2020-07-14,World,NULL,NULL,NULL,NULL,NULL
2020-07-15,World,NULL,NULL,NULL,NULL,NULL
2020-07-16,World,NULL,NULL,NULL,NULL,NULL
2020-07-17,World,NULL,NULL,NULL,NULL,NULL
2020-07-18,World,NULL,NULL,NULL,NULL,NULL
2020-07-19,World,NULL,NULL,NULL,NULL,NULL
2020-07-20,World,NULL,NULL,NULL,NULL,NULL
2020-07-21,World,NULL,NULL,NULL,NULL,NULL
2020-07-22,World,NULL,NULL,NULL,NULL,NULL
2020-07-23,World,NULL,NULL,NULL,NULL,NULL
2020-07-24,World,NULL,NULL,NULL,NULL,NULL
2020-07-25,World,NULL,NULL,NULL,NULL,NULL
2020-07-26,World,NULL,NULL,NULL,NULL,NULL
2020-07-27,World,NULL,NULL,NULL,NULL,NULL
2020-07-28,World,NULL,NULL,NULL,NULL,NULL
2020-07-29,World,NULL,NULL,NULL,NULL,NULL
2020-07-30,World,NULL,NULL,NULL,NULL,NULL
2020-07-31,World,NULL,NULL,NULL,NULL,NULL
2020-08-01,World,NULL,NULL,NULL,NULL,NULL
2020-08-02,World,NULL,NULL,NULL,NULL,NULL
2020-08-03,World,NULL,NULL,NULL,NULL,NULL
2020-08-04,World,NULL,NULL,NULL,NULL,NULL
2020-08-05,World,NULL,NULL,NULL,NULL,NULL
2020-08-06,World,NULL,NULL,NULL,NULL,NULL
2020-08-07,World,NULL,NULL,NULL,NULL,NULL
2020-08-08,World,NULL,NULL,NULL,NULL,NULL
2020-08-09,World,NULL,NULL,NULL,NULL,NULL
2020-08-10,World,NULL,NULL,NULL,NULL,NULL
2020-08-11,World,NULL,NULL,NULL,NULL,NULL
2020-08-12,World,NULL,NULL,NULL,NULL,NULL
2020-08-13,World,NULL,NULL,NULL,NULL,NULL
2020-08-14,World,NULL,NULL,NULL,NULL,NULL
2020-08-15,World,NULL,NULL,NULL,NULL,NULL
2020-08-16,World,NULL,NULL,NULL,NULL,NULL
2020-08-17,World,NULL,NULL,NULL,NULL,NULL
2020-08-18,World,NULL,NULL,NULL,NULL,NULL
2020-08-19,World,NULL,NULL,NULL,NULL,NULL
2020-08-20,World,NULL,NULL,NULL,NULL,NULL
2020-08-21,World,NULL,NULL,NULL,NULL,NULL
2020-08-22,World,NULL,NULL,NULL,NULL,NULL
2020-08-23,World,NULL,NULL,NULL,NULL,NULL
2020-08-24,World,NULL,NULL,NULL,NULL,NULL
2020-08-25,World,NULL,NULL,NULL,NULL,NULL
2020-08-26,World,NULL,NULL,NULL,NULL,NULL
2020-08-27,World,NULL,NULL,NULL,NULL,NULL
2020-08-28,World,NULL,NULL,NULL,NULL,NULL
2020-08-29,World,NULL,NULL,NULL,NULL,NULL
2020-08-30,World,NULL,NULL,NULL,NULL,NULL
2020-08-31,World,NULL,NULL,NULL,NULL,NULL
2020-09-01,World,NULL,NULL,NULL,NULL,NULL
2020-09-02,World,NULL,NULL,NULL,NULL,NULL
2020-09-03,World,NULL,NULL,NULL,NULL,NULL
2020-09-04,World,NULL,NULL,NULL,NULL,NULL
2020-09-05,World,NULL,NULL,NULL,NULL,NULL
2020-09-06,World,NULL,NULL,NULL,NULL,NULL
2020-09-07,World,NULL,NULL,NULL,NULL,NULL
2020-09-08,World,NULL,NULL,NULL,NULL,NULL
2020-09-09,World,NULL,NULL,NULL,NULL,NULL
2020-09-10,World,NULL,NULL,NULL,NULL,NULL
2020-09-11,World,NULL,NULL,NULL,NULL,NULL
2020-09-12,World,NULL,NULL,NULL,NULL,NULL
2020-09-13,World,NULL,NULL,NULL,NULL,NULL
2020-09-14,World,NULL,NULL,NULL,NULL,NULL
2020-09-15,World,NULL,NULL,NULL,NULL,NULL
2020-09-16,World,NULL,NULL,NULL,NULL,NULL
2020-09-17,World,NULL,NULL,NULL,NULL,NULL
2020-09-18,World,NULL,NULL,NULL,NULL,NULL
2020-09-19,World,NULL,NULL,NULL,NULL,NULL
2020-09-20,World,NULL,NULL,NULL,NULL,NULL
2020-09-21,World,NULL,NULL,NULL,NULL,NULL
2020-09-22,World,NULL,NULL,NULL,NULL,NULL
2020-09-23,World,NULL,NULL,NULL,NULL,NULL
2020-09-24,World,NULL,NULL,NULL,NULL,NULL
2020-09-25,World,NULL,NULL,NULL,NULL,NULL
2020-09-26,World,NULL,NULL,NULL,NULL,NULL
2020-09-27,World,NULL,NULL,NULL,NULL,NULL
2020-09-28,World,NULL,NULL,NULL,NULL,NULL
2020-09-29,World,NULL,NULL,NULL,NULL,NULL
2020-09-30,World,NULL,NULL,NULL,NULL,NULL
2020-10-01,World,NULL,NULL,NULL,NULL,NULL
2020-10-02,World,NULL,NULL,NULL,NULL,NULL
2020-10-03,World,NULL,NULL,NULL,NULL,NULL
2020-10-04,World,NULL,NULL,NULL,NULL,NULL
2020-10-05,World,NULL,NULL,NULL,NULL,NULL
2020-10-06,World,NULL,NULL,NULL,NULL,NULL
2020-10-07,World,NULL,NULL,NULL,NULL,NULL
2020-10-08,World,NULL,NULL,NULL,NULL,NULL
2020-10-09,World,NULL,NULL,NULL,NULL,NULL
2020-10-10,World,NULL,NULL,NULL,NULL,NULL
2020-10-11,World,NULL,NULL,NULL,NULL,NULL
2020-10-12,World,NULL,NULL,NULL,NULL,NULL
2020-10-13,World,NULL,NULL,NULL,NULL,NULL
2020-10-14,World,NULL,NULL,NULL,NULL,NULL
2020-10-15,World,NULL,NULL,NULL,NULL,NULL
2020-10-16,World,NULL,NULL,NULL,NULL,NULL
2020-10-17,World,NULL,NULL,NULL,NULL,NULL
2020-10-18,World,NULL,NULL,NULL,NULL,NULL
2020-10-19,World,NULL,NULL,NULL,NULL,NULL
2020-10-20,World,NULL,NULL,NULL,NULL,NULL
2020-10-21,World,NULL,NULL,NULL,NULL,NULL
2020-10-22,World,NULL,NULL,NULL,NULL,NULL
2020-10-23,World,NULL,NULL,NULL,NULL,NULL
2020-10-24,World,NULL,NULL,NULL,NULL,NULL
2020-10-25,World,NULL,NULL,NULL,NULL,NULL
2020-10-26,World,NULL,NULL,NULL,NULL,NULL
2020-10-27,World,NULL,NULL,NULL,NULL,NULL
2020-10-28,World,NULL,NULL,NULL,NULL,NULL
2020-10-29,World,NULL,NULL,NULL,NULL,NULL
2020-10-30,World,NULL,NULL,NULL,NULL,NULL
2020-10-31,World,NULL,NULL,NULL,NULL,NULL
2020-11-01,World,NULL,NULL,NULL,NULL,NULL
2020-11-02,World,NULL,NULL,NULL,NULL,NULL
2020-11-03,World,NULL,NULL,NULL,NULL,NULL
2020-11-04,World,NULL,NULL,NULL,NULL,NULL
2020-11-05,World,NULL,NULL,NULL,NULL,NULL
2020-11-06,World,NULL,NULL,NULL,NULL,NULL
2020-11-07,World,NULL,NULL,NULL,NULL,NULL
2020-11-08,World,NULL,NULL,NULL,NULL,NULL
2020-11-09,World,NULL,NULL,NULL,NULL,NULL
2020-11-10,World,NULL,NULL,NULL,NULL,NULL
2020-11-11,World,NULL,NULL,NULL,NULL,NULL
2020-11-12,World,NULL,NULL,NULL,NULL,NULL
2020-11-13,World,NULL,NULL,NULL,NULL,NULL
2020-11-14,World,NULL,NULL,NULL,NULL,NULL
2020-11-15,World,NULL,NULL,NULL,NULL,NULL
2020-11-16,World,NULL,NULL,NULL,NULL,NULL
2020-11-17,World,NULL,NULL,NULL,NULL,NULL
2020-11-18,World,NULL,NULL,NULL,NULL,NULL
2020-11-19,World,NULL,NULL,NULL,NULL,NULL
2020-11-20,World,NULL,NULL,NULL,NULL,NULL
2020-11-21,World,NULL,NULL,NULL,NULL,NULL
2020-11-22,World,NULL,NULL,NULL,NULL,NULL
2020-11-23,World,NULL,NULL,NULL,NULL,NULL
2020-11-24,World,NULL,NULL,NULL,NULL,NULL
2020-11-25,World,NULL,NULL,NULL,NULL,NULL
2020-11-26,World,NULL,NULL,NULL,NULL,NULL
2020-11-27,World,NULL,NULL,NULL,NULL,NULL
2020-11-28,World,NULL,NULL,NULL,NULL,NULL
2020-11-29,World,NULL,NULL,NULL,NULL,NULL
2020-11-30,World,NULL,NULL,NULL,NULL,NULL
2020-12-01,World,NULL,NULL,NULL,NULL,NULL
2020-12-02,World,0,NULL,0,NULL,0
2020-12-03,World,0,0,0,NULL,1
2020-12-04,World,1,0,1,NULL,1
2020-12-05,World,1,1,1,NULL,1
2020-12-06,World,1,1,1,NULL,1
2020-12-07,World,2,1,2,NULL,1
2020-12-08,World,8,2,8,NULL,1
2020-12-09,World,10,8,10,NULL,1
2020-12-10,World,11,10,11,NULL,1
2020-12-11,World,16,11,16,NULL,4
2020-12-12,World,17,16,17,NULL,1
2020-12-13,World,39241,17,31970,8204,1
2020-12-14,World,43994,39241,36548,8348,4749
2020-12-15,World,1620872,43994,111997,8644,48375
2020-12-16,World,1782868,1620872,269453,9141,352853
2020-12-17,World,2061578,1782868,541468,9941,469567
2020-12-18,World,2485382,2061578,956150,11217,614661
2020-12-19,World,2670077,2485382,1136623,12334,375480
2020-12-20,World,2785081,2670077,1249423,13121,305859
2020-12-21,World,3204149,2785081,1660994,14724,609924
2020-12-22,World,3728741,3204149,2176244,17745,691949
2020-12-23,World,4416246,3728741,2851671,20959,905390
2020-12-24,World,4712001,4416246,3142372,22178,549297
2020-12-25,World,4771563,4712001,3201750,22299,318051
2020-12-26,World,4951221,4771563,3377840,23307,438131
2020-12-27,World,5211647,4951221,3635362,24093,471877
2020-12-28,World,5996210,5211647,4401223,28493,1032449
2020-12-29,World,7004901,5996210,5390017,34012,1251625
2020-12-30,World,8185080,7004901,6549232,42144,1432018
2020-12-31,World,11892402,8185080,7245897,45610,977631
2021-01-01,World,12147673,11892402,7488787,54119,834542
2021-01-02,World,13345279,12147673,8677484,57167,1042291
2021-01-03,World,13749473,13345279,9073475,59786,909302
2021-01-04,World,14895373,13749473,10159552,105494,1607709
2021-01-05,World,17033258,14895373,11369026,194037,1869534
2021-01-06,World,18600149,17033258,12603849,368865,2052356
2021-01-07,World,20396962,18600149,14031722,653448,2301969
2021-01-08,World,22358018,20396962,15543891,1022399,2404499
2021-01-09,World,27798149,22358018,16223598,1153703,1519460
2021-01-10,World,31041612,27798149,19764366,1871251,902353
2021-01-11,World,32917591,31041612,21167917,2237696,2124510
2021-01-12,World,35100952,32917591,22844055,2607943,2518196
2021-01-13,World,38868053,35100952,25121993,2956408,2918935
2021-01-14,World,41810556,38868053,27414895,3176072,3826568
2021-01-15,World,44744351,41810556,29692579,3348380,3716267
2021-01-16,World,46571678,44744351,31109111,3452529,2661926
2021-01-17,World,47788994,46571678,32021510,3612270,1943094
2021-01-18,World,50235362,47788994,33832912,4010901,3146618
2021-01-19,World,53254532,50235362,36024055,4595981,3929099
2021-01-20,World,61585728,53254532,38426144,5298356,4230446
2021-01-21,World,65138714,61585728,41200895,5891223,5056923
2021-01-22,World,69230311,65138714,44656764,6306694,5202993
2021-01-23,World,71633518,69230311,46524277,6618369,3803504
2021-01-24,World,73171340,71633518,47622490,6960154,2757487
2021-01-25,World,76428878,73171340,49854716,7832656,4692661
2021-01-26,World,87728285,76428878,52126386,8838714,4979514
2021-01-27,World,91789573,87728285,54911475,9881024,4515508
2021-01-28,World,96401148,91789573,58100064,10939851,5060788
2021-01-29,World,101207004,96401148,61506372,11911142,5140761
2021-01-30,World,104080015,101207004,63547870,12445154,3320445
2021-01-31,World,107179917,104080015,64629674,12926827,2088777
2021-02-01,World,110603203,107179917,66674558,13940009,5975600
2021-02-02,World,114413151,110603203,68974676,15139918,6437735
2021-02-03,World,126430085,114413151,71969048,16587407,7452783
2021-02-04,World,131809438,126430085,75374138,18157144,7134599
2021-02-05,World,137414749,131809438,79138857,19678352,6825186
2021-02-06,World,140646906,137414749,81343018,20390428,4990593
2021-02-07,World,142315383,140646906,82308310,20956642,3167072
2021-02-08,World,146142408,142315383,84710228,22118822,5717619
2021-02-09,World,160156581,146142408,87677644,23603390,6419687
2021-02-10,World,165659436,160156581,91106695,25286254,6403897
2021-02-11,World,171284171,165659436,94604960,27104809,6616134
2021-02-12,World,177910723,171284171,101395912,29359772,7313030
2021-02-13,World,181821718,177910723,103885916,30373335,4588412
2021-02-14,World,183966821,181821718,105255313,31076330,3048693
2021-02-15,World,188501653,183966821,108151984,32345781,4862756
2021-02-16,World,193500353,188501653,111047751,34100599,5961301
2021-02-17,World,199347855,193500353,114660649,36088692,6737399
2021-02-18,World,205865684,199347855,118527033,38090613,7342702
2021-02-19,World,211801692,205865684,124268183,40622835,6724440
2021-02-20,World,215781647,211801692,126838566,41910845,4597582
2021-02-21,World,217976472,215781647,128189113,42725998,3009599
2021-02-22,World,222301806,217976472,130819931,44276470,5067604
2021-02-23,World,227946175,222301806,136737320,48431265,6466145
2021-02-24,World,234540682,227946175,140941143,50640529,7475740
2021-02-25,World,241842700,234540682,145451562,53206921,8454614
2021-02-26,World,249537704,241842700,150261608,55934082,8201330
2021-02-27,World,254490501,249537704,153352234,57508245,5913370
2021-02-28,World,269188977,254490501,155351678,58146746,3292481
2021-03-01,World,274811570,269188977,159202420,59719474,6701455
2021-03-02,World,286105824,274811570,167282252,62688110,8213046
2021-03-03,World,294333428,286105824,172841747,65218109,9557233
2021-03-04,World,303888342,294333428,179295057,68051551,10624005
2021-03-05,World,313238094,303888342,185830296,70849221,10199480
2021-03-06,World,320063854,313238094,190566769,72824235,7937901
2021-03-07,World,323856711,320063854,193364802,73583639,4026803
2021-03-08,World,331663693,323856711,199156481,75608506,8935883
2021-03-09,World,340134619,331663693,205173889,78023408,9758050
2021-03-10,World,350263684,340134619,212168078,81171197,10931795
2021-03-11,World,359556420,350263684,218110083,84169238,10331295
2021-03-12,World,370176176,359556420,225419046,87743260,11669494
2021-03-13,World,377639978,370176176,231256456,90079510,8832722
2021-03-14,World,393960339,377639978,234149757,90959922,4537766
2021-03-15,World,404025735,393960339,241243268,93896555,11625298
2021-03-16,World,414004970,404025735,247835504,96984792,11880161
2021-03-17,World,424937268,414004970,254865166,100826422,12516810
2021-03-18,World,435545082,424937268,262192172,103956491,12592736
2021-03-19,World,448841351,435545082,271409136,107568680,13596075
2021-03-20,World,467308383,448841351,278071841,109611983,10590476
2021-03-21,World,471770625,467308383,281251236,110531726,7408777
2021-03-22,World,487613996,471770625,288924980,112988587,13200512
2021-03-23,World,500463751,487613996,296232290,115807860,13447090
2021-03-24,World,516029680,500463751,305047658,119485901,15605373
2021-03-25,World,533665880,516029680,313221465,123264682,18577072
2021-03-26,World,553531123,533665880,322836833,127305908,19895130
2021-03-27,World,567559288,553531123,329209052,129593812,14711071
2021-03-28,World,576348410,567559288,332291779,130693819,9433465
2021-03-29,World,592611794,576348410,339810103,135001772,13681534
2021-03-30,World,608682578,592611794,347853525,138783517,16028710
2021-03-31,World,628740399,608682578,358676598,143195169,19140892
2021-04-01,World,650856597,628740399,368974275,148165989,22741095
2021-04-02,World,671239398,650856597,378526486,151753699,19919667
2021-04-03,World,683397288,671239398,385302955,154247456,12629265
2021-04-04,World,693389731,683397288,390696173,155423379,10084285
2021-04-05,World,708188687,693389731,399256159,158843671,14905495
2021-04-06,World,725722464,708188687,409838399,163276982,17985471
2021-04-07,World,745633224,725722464,421004888,168599278,19854656
2021-04-08,World,769650111,745633224,433753941,174156073,24099074
2021-04-09,World,792502063,769650111,445273436,179925645,22848295
2021-04-10,World,807926959,792502063,453745589,183846119,15852327
2021-04-11,World,819238697,807926959,459962036,186122379,11260708
2021-04-12,World,837947031,819238697,469798149,190547349,18615077
2021-04-13,World,855417801,837947031,479044643,195006738,18152911
2021-04-14,World,874792984,855417801,489400449,200391176,19154087
2021-04-15,World,893777373,874792984,498380404,205834679,19342875
2021-04-16,World,912773075,893777373,507909767,211251221,18817938
2021-04-17,World,925508227,912773075,514395339,214828118,13589876
2021-04-18,World,935760021,925508227,519495053,217463318,8964615
2021-04-19,World,951545934,935760021,527275107,222270950,15465429
2021-04-20,World,966280996,951545934,534885431,228592396,16472070
2021-04-21,World,985638626,966280996,543360886,233907707,18707758
2021-04-22,World,1008100684,985638626,552116878,240437094,22768266
2021-04-23,World,1027359299,1008100684,560479599,246138770,20117973
2021-04-24,World,1039183421,1027359299,564755855,249498674,14985624
2021-04-25,World,1056201753,1039183421,572578230,253767338,11908209
2021-04-26,World,1073472310,1056201753,579617848,259181820,18219112
2021-04-27,World,1094454837,1073472310,587458110,265570309,21490461
2021-04-28,World,1120465840,1094454837,597950265,272877344,24629611
2021-04-29,World,1145237495,1120465840,606933457,280496721,25543607
2021-04-30,World,1171720548,1145237495,615299839,286914557,26799116
2021-05-01,World,1185105415,1171720548,619661783,290474250,14460009
2021-05-02,World,1196182521,1185105415,623157543,293086764,10819439
2021-05-03,World,1210977259,1196182521,628541061,297653433,15845011
2021-05-04,World,1230635447,1210977259,635855217,304411228,18606411
2021-05-05,World,1251363976,1230635447,644114841,311949789,21119236
2021-05-06,World,1275460323,1251363976,652711949,319150065,25217222
2021-05-07,World,1303550227,1275460323,662333809,327108129,26326913
2021-05-08,World,1322607789,1303550227,667312115,331712559,20411340
2021-05-09,World,1336401571,1322607789,671609414,334343604,13090228
2021-05-10,World,1358929872,1336401571,679409515,339961108,21520067
2021-05-11,World,1383912875,1358929872,688665698,347471263,24556901
2021-05-12,World,1410916960,1383912875,697563557,354167981,27480552
2021-05-13,World,1437560181,1410916960,705277194,360404098,26423660
2021-05-14,World,1464800751,1437560181,713274656,366208450,27129376
2021-05-15,World,1487389718,1464800751,719540861,370099680,23830779
2021-05-16,World,1509694348,1487389718,724994191,373090606,21035658
2021-05-17,World,1536786249,1509694348,732570822,377579102,27198692
2021-05-18,World,1565473952,1536786249,741745360,383328185,28946429
2021-05-19,World,1593637485,1565473952,750458381,388962350,29266338
2021-05-20,World,1627662302,1593637485,760731782,395217448,33610697
2021-05-21,World,1659815464,1627662302,769853948,401909916,32744073
2021-05-22,World,1686577733,1659815464,778306350,406399649,26006560
2021-05-23,World,1709010254,1686577733,784010182,409440234,21608185
2021-05-24,World,1738541916,1709010254,793271680,413439237,28955503
2021-05-25,World,1771531098,1738541916,801586524,418352195,33669307
2021-05-26,World,1807747330,1771531098,812025092,423865099,37184760
2021-05-27,World,1841013406,1807747330,821990497,429379142,34962102
2021-05-28,World,1876348418,1841013406,832768374,435609829,35031343
2021-05-29,World,1907486372,1876348418,842399283,439101339,31928332
2021-05-30,World,1934891161,1907486372,848584600,442313836,26801333
2021-05-31,World,1972105624,1934891161,857104209,447114216,34581462
2021-06-01,World,2011127557,1972105624,868389492,453665658,37867367
2021-06-02,World,2051872836,2011127557,880285705,459939086,41417090
2021-06-03,World,2086947069,2051872836,891069684,465495298,36227417
2021-06-04,World,2128025080,2086947069,904831207,472169736,41073290
2021-06-05,World,2159277765,2128025080,913171892,476690471,31910676
2021-06-06,World,2185401524,2159277765,920707430,480639976,24990122
2021-06-07,World,2216854659,2185401524,931038771,485777031,32189359
2021-06-08,World,2252114118,2216854659,944888994,492834155,34685745
2021-06-09,World,2289301666,2252114118,958741752,500189467,36442789
2021-06-10,World,2328474034,2289301666,1592756449,507103562,40440318
2021-06-11,World,2367550226,2328474034,1606350863,514562312,38052543
2021-06-12,World,2396796910,2367550226,1615984495,519443590,29669920
2021-06-13,World,2423909137,2396796910,1624491970,523944924,25861148
2021-06-14,World,2452361254,2423909137,1635325573,530302977,28667248
2021-06-15,World,2491929335,2452361254,1648142999,538026856,39780657
2021-06-16,World,2533523080,2491929335,1660743855,545539031,42575115
2021-06-17,World,2578860248,2533523080,1676352474,553375911,45918815
2021-06-18,World,2624410434,2578860248,1690184998,561053337,44703820
2021-06-19,World,2660492672,2624410434,1700412223,566339417,37293852
2021-06-20,World,2693870150,2660492672,1710212834,571129426,31724280
2021-06-21,World,2736627260,2693870150,1727098159,577549250,43172888
2021-06-22,World,2780648144,2736627260,1741524369,585329598,45539861
2021-06-23,World,2824418827,2780648144,1753445843,592780344,44601872
2021-06-24,World,2872862222,2824418827,1769004721,601111542,49009253
2021-06-25,World,2920491726,2872862222,1784728959,609240462,46753129
2021-06-26,World,2961160019,2920491726,1797682320,615421910,42502832
2021-06-27,World,2996169382,2961160019,1822666260,622450667,34251845
2021-06-28,World,3034534689,2996169382,1833060371,629598609,39193179
2021-06-29,World,3076297996,3034534689,1846829447,638936121,42730230
2021-06-30,World,3114745111,3076297996,1858012948,647068172,39707442
2021-07-01,World,3158806804,3114745111,1875128110,655300531,42591306
2021-07-02,World,3196071526,3158806804,1885642383,662981263,36975332
2021-07-03,World,3228769569,3196071526,1898132650,671128690,34027773
2021-07-04,World,3253729399,3228769569,1907737320,676771067,22906799
2021-07-05,World,3286475010,3253729399,1921560598,687301240,31576675
2021-07-06,World,3319478526,3286475010,1933232095,695378480,34781637
2021-07-07,World,3352645594,3319478526,1946372175,704972340,33405469
2021-07-08,World,3392187063,3352645594,1962910045,716620995,41106368
2021-07-09,World,3421512145,3392187063,1973128261,724740358,32615441
2021-07-10,World,3449411563,3421512145,1984595393,732458435,25437840
2021-07-11,World,3471142918,3449411563,1992072643,738741598,20616149
2021-07-12,World,3500851086,3471142918,2003065204,748640327,28478547
2021-07-13,World,3535996728,3500851086,2017957972,758306466,35264845
2021-07-14,World,3572247645,3535996728,2031702820,768492201,37579104
2021-07-15,World,3607549254,3572247645,2045357727,779067903,36111949
2021-07-16,World,3642072104,3607549254,2058162823,789648688,34375252
2021-07-17,World,3669918325,3642072104,2068504961,797516058,29206627
2021-07-18,World,3690018637,3669918325,2074353447,802606580,22485175
2021-07-19,World,3723717653,3690018637,2087975768,812191115,28960885
2021-07-20,World,3757226266,3723717653,2100729161,820982146,31819031
2021-07-21,World,3789860636,3757226266,2110239186,829777046,33410617
2021-07-22,World,3828636047,3789860636,2123184090,840058608,39785141
2021-07-23,World,3868247016,3828636047,2135494331,850480119,39579789
2021-07-24,World,3898486269,3868247016,2144612143,857798072,32750848
2021-07-25,World,3925644927,3898486269,2152741616,865461694,25492904
2021-07-26,World,3967123655,3925644927,2169620764,877119053,39038955
2021-07-27,World,4008211417,3967123655,2182651607,887973271,42645459
2021-07-28,World,4050937891,4008211417,2196983451,898272698,44540905
2021-07-29,World,4096978588,4050937891,2212543350,910590437,46619530
2021-07-30,World,4141532142,4096978588,2227469122,921704711,45563987
2021-07-31,World,4173371333,4141532142,2237281237,928359955,38474925
2021-08-01,World,4213168211,4173371333,2252648560,935674050,33984886
2021-08-02,World,4252393542,4213168211,2264210806,943927248,42574249
2021-08-03,World,4308088838,4252393542,2287484517,956676378,48909036
2021-08-04,World,4348072834,4308088838,2300297073,965781654,42232629
2021-08-05,World,4388929677,4348072834,2315339830,975647317,41171205
2021-08-06,World,4429503997,4388929677,2329112022,985726968,42149665
2021-08-07,World,4461367385,4429503997,2340580423,993813798,34671642
2021-08-08,World,4493384050,4461367385,2353275528,1000954229,29940539
2021-08-09,World,4533275809,4493384050,2371419950,1015416350,35432570
2021-08-10,World,4571626694,4533275809,2385922755,1026199534,40056408
2021-08-11,World,4609260703,4571626694,2400633441,1036846308,38859630
2021-08-12,World,4643214766,4609260703,2411719773,1824432045,40567449
2021-08-13,World,4690030983,4643214766,2432724357,1838291367,41718259
2021-08-14,World,4721144025,4690030983,2444796957,1847719689,33768971
2021-08-15,World,4744030127,4721144025,2454838043,1853499118,23719984
2021-08-16,World,4785463067,4744030127,2472832879,1863643613,34756032
2021-08-17,World,4824757429,4785463067,2487839578,1874871192,39783741
2021-08-18,World,4862777844,4824757429,2500936965,1885792008,39423315
2021-08-19,World,4898455853,4862777844,2513301431,1896722445,38162485
2021-08-20,World,4940395756,4898455853,2531311198,1910369391,37738849
2021-08-21,World,4972414208,4940395756,2543402687,1917939910,32058937
2021-08-22,World,5000177596,4972414208,2551400368,1925312576,27483052
2021-08-23,World,5033622620,5000177596,2560485371,1934200978,35115143
2021-08-24,World,5076583984,5033622620,2576109301,1947311047,41571912
2021-08-25,World,5121255036,5076583984,2593271159,1960327886,43854013
2021-08-26,World,5162000920,5121255036,3057359235,2084029594,43482273
2021-08-27,World,5214832273,5162000920,3078605848,2100513334,49675831
2021-08-28,World,5252001045,5214832273,3092264460,2110077297,40706133
2021-08-29,World,5290067690,5252001045,3105550009,2122192195,31955469
2021-08-30,World,5323895918,5290067690,3117463858,2132217854,36606734
2021-08-31,World,5364525491,5323895918,3131960886,2145176226,38376573
2021-09-01,World,5409998106,5364525491,3153707087,2159815617,46102403
2021-09-02,World,5442847696,5409998106,3166916559,2171004345,35454725
2021-09-03,World,5472657656,5442847696,3178240670,2181532628,33102097
2021-09-04,World,5499355291,5472657656,3186988697,2191147923,25628532
2021-09-05,World,5531197576,5499355291,3199892088,2202802400,25496702
2021-09-06,World,5556666808,5531197576,3232565497,2291891827,26918954
2021-09-07,World,5591330878,5556666808,3249088185,2303452576,38099772
2021-09-08,World,5630805196,5591330878,3267079873,2320709810,40080100
2021-09-09,World,5668368002,5630805196,3290608266,2337021926,38113925
2021-09-10,World,5699416142,5668368002,3303905967,2349469831,32507233
2021-09-11,World,5734395929,5699416142,3318014485,2362319787,35334455
2021-09-12,World,5767684629,5734395929,3332901626,2373601482,25402877
2021-09-13,World,5799007377,5767684629,3346795994,2384870895,33265962
2021-09-14,World,5825824247,5799007377,3357589548,2396170261,26303141
2021-09-15,World,5857148868,5825824247,3370798059,2450867669,32410639
2021-09-16,World,5888099091,5857148868,3384361669,2463523950,33527690
2021-09-17,World,5916020164,5888099091,3395868339,2475167864,30850348
2021-09-18,World,5956052105,5916020164,3424227153,2500338563,38795429
2021-09-19,World,5983127699,5956052105,3436357282,2511479304,25026431
2021-09-20,World,6008281609,5983127699,3447626475,2521547183,24596759
2021-09-21,World,6037641117,6008281609,3462046073,2534117751,28724455
2021-09-22,World,6065778343,6037641117,3474653419,2545333376,29172968
2021-09-23,World,6097656623,6065778343,3488439278,2557165254,33540625
2021-09-24,World,6127689389,6097656623,3501917461,2569471977,34357507
2021-09-25,World,6149570240,6127689389,3511495147,2579242064,23844371
2021-09-26,World,6167513201,6149570240,3518859134,2587138962,20428274
2021-09-27,World,6213718289,6167513201,3543160792,2605263956,34298423
2021-09-28,World,6241311462,6213718289,3553121285,2640899608,27224880
2021-09-29,World,6272700263,6241311462,3569752523,2651507458,35588460
2021-09-30,World,6302352698,6272700263,3584544727,2664336498,30693206
2021-10-01,World,6326295915,6302352698,3595583080,2675104884,27207805
2021-10-02,World,6347978097,6326295915,3605850697,2684667893,24574043
2021-10-03,World,6369768419,6347978097,3618302354,2693113134,18565022
2021-10-04,World,6391928888,6369768419,3627398855,2704306625,22000178
2021-10-05,World,6425346499,6391928888,3640281687,2720763036,27735935
2021-10-06,World,6448997242,6425346499,3650479557,2731939880,26070859
2021-10-07,World,6472709390,6448997242,3659195778,2743921959,25262974
2021-10-08,World,6504720837,6472709390,3673268570,2759201417,29316662
2021-10-09,World,6526302879,6504720837,3682012515,2769787402,25105210
2021-10-10,World,6554082262,6526302879,3694820132,2782354115,22184873
2021-10-11,World,6573552954,6554082262,3702397786,2792275479,19698083
2021-10-12,World,6596556714,6573552954,3711834302,2802942425,25966709
2021-10-13,World,6619603542,6596556714,3720501636,2812864331,25085481
2021-10-14,World,6642523967,6619603542,3730501871,2822493347,24840653
2021-10-15,World,6662963222,6642523967,3737546138,2831867903,25271872
2021-10-16,World,6678139907,6662963222,3743769505,2838046858,19983548
2021-10-17,World,6703673691,6678139907,3755822439,2848656851,19537757
2021-10-18,World,6733767053,6703673691,3767708522,2862520431,23671079
2021-10-19,World,6760561130,6733767053,3777824516,2874674645,30726425
2021-10-20,World,6796441805,6760561130,3794460908,2888301495,32282720
2021-10-21,World,6822767041,6796441805,3810340046,2899735221,26104918
2021-10-22,World,6850629541,6822767041,3820781662,2912037886,30126078
2021-10-23,World,6878029469,6850629541,3832178975,2944227565,22338973
2021-10-24,World,6900654221,6878029469,3840029309,2955466040,23168511
2021-10-25,World,6921904431,6900654221,3846312084,2964332410,21979419
2021-10-26,World,6949344612,6921904431,3855964345,2975977269,30944927
2021-10-27,World,6973200026,6949344612,3863183661,2985255951,30130994
2021-10-28,World,7003269943,6973200026,3874214247,2997533482,31125554
2021-10-29,World,7041391454,7003269943,3886406412,3019113688,35715919
2021-10-30,World,7074059016,7041391454,3897456740,3032917020,37731635
2021-10-31,World,7106505203,7074059016,3905949432,3049138268,22556518
2021-11-01,World,7130670818,7106505203,3913359817,3058231138,23946304
2021-11-02,World,7158228203,7130670818,3920315161,3067867673,25464249
2021-11-03,World,7187238364,7158228203,3927666446,3077053488,32496281
2021-11-04,World,7219770213,7187238364,3936838870,3086597654,32488987
2021-11-05,World,7254336372,7219770213,3947277080,3100580704,30223517
2021-11-06,World,7282451161,7254336372,3953725108,3107776867,27579030
2021-11-07,World,7309782572,7282451161,3961271009,3115845672,26591104
2021-11-08,World,7338465056,7309782572,3968158840,3124400269,30617382
2021-11-09,World,7372457749,7338465056,3977253726,3135530638,34385193
2021-11-10,World,7411089429,7372457749,3989737369,3147879230,37368080
2021-11-11,World,7444563623,7411089429,4006499894,3160437943,34687509
2021-11-12,World,7478557886,7444563623,4014216137,3174384892,37695652
2021-11-13,World,7512641500,7478557886,4022503419,3187802528,32555110
2021-11-14,World,7538788607,7512641500,4030752037,3197968754,22955089
2021-11-15,World,7564382640,7538788607,4036452000,3206251777,25910110
2021-11-16,World,7592106801,7564382640,4042493455,3215355463,30841513
2021-11-17,World,7624575288,7592106801,4050060070,3226869028,34521052
2021-11-18,World,7654940298,7624575288,4057457576,3240033051,32074551
2021-11-19,World,7688378004,7654940298,4190654984,3252570670,32288696
2021-11-20,World,7722884870,7688378004,4199928537,3265459177,34623134
2021-11-21,World,7749580371,7722884870,4206145109,3275103711,22847533
2021-11-22,World,7778372694,7749580371,4213306182,3285618990,29950370
2021-11-23,World,7809598436,7778372694,4220888936,3295611452,34001064
2021-11-24,World,7848464568,7809598436,4232981515,3309838741,37166105
2021-11-25,World,7875600228,7848464568,4239053757,3317703476,31857207
2021-11-26,World,7914077627,7875600228,4248239045,3331130188,40404413
2021-11-27,World,7943011434,7914077627,4254893500,3338910548,27339108
2021-11-28,World,7982567717,7943011434,4264549700,3353083902,31786293
2021-11-29,World,8016236938,7982567717,4275053826,3396667677,32764667
2021-11-30,World,8057900620,8016236938,4284612086,3410768385,40135902
2021-12-01,World,8100644398,8057900620,4295163751,3423793017,42676625
2021-12-02,World,8139371224,8100644398,4319534590,3469883852,40296085
2021-12-03,World,8172995204,8139371224,4325631804,3494167202,36663937
2021-12-04,World,8210460771,8172995204,4334368272,3507488734,38898092
2021-12-05,World,8241889365,8210460771,4341819515,3517345347,25928069
2021-12-06,World,8271265627,8241889365,4349755838,3526432720,29483357
2021-12-07,World,8301791338,8271265627,4355660168,3536311345,35457323
2021-12-08,World,8338912997,8301791338,4364791931,3550106454,35011059
2021-12-09,World,8378414475,8338912997,4375507949,3566150383,38926781
2021-12-10,World,8409580081,8378414475,4380189277,3611319151,35555485
2021-12-11,World,8453778097,8409580081,4391372168,3627824687,44527354
2021-12-12,World,8483621365,8453778097,4397258079,3640369379,26780623
2021-12-13,World,8512976648,8483621365,4401429154,3648829301,31831093
2021-12-14,World,8554219155,8512976648,4409152320,3662100230,42736378
2021-12-15,World,8593642201,8554219155,4416508484,3673621046,40561173
2021-12-16,World,8626484999,8593642201,4421030398,3681102904,38708883
2021-12-17,World,8670892515,8626484999,4428733164,3717592009,44962537
2021-12-18,World,8705158444,8670892515,4441943065,3726753831,39606304
2021-12-19,World,8739051315,8705158444,4447903790,3742326747,28524178
2021-12-20,World,8783575258,8739051315,4457248336,3757117459,42022942
2021-12-21,World,8821847633,8783575258,4463215280,3767901065,44335863
2021-12-22,World,8856390127,8821847633,4468626440,3774937886,38644899
2021-12-23,World,8899272849,8856390127,4477174313,3784230855,41322319
2021-12-24,World,8934433908,8899272849,4483236840,3794109040,34769367
2021-12-25,World,8961134200,8934433908,4486975606,3812199780,33174615
2021-12-26,World,8986366150,8961134200,4489647995,3818152723,22776599
2021-12-27,World,9019354907,8986366150,4495984551,3824843761,33223019
2021-12-28,World,9065921513,9019354907,4539917278,3845586533,42642359
2021-12-29,World,9105577697,9065921513,4546278063,3856758412,46558611
2021-12-30,World,9143081787,9105577697,4552154128,3877490121,36537205
2021-12-31,World,9177166152,9143081787,4558978464,3888227835,35373656
2022-01-01,World,9195257430,9177166152,4563574946,3895853322,20746824
2022-01-02,World,9212699496,9195257430,4570162194,3899339958,19114801
2022-01-03,World,9245156308,9212699496,4579151903,3907192468,31285050
2022-01-04,World,9283555142,9245156308,4591897528,3916931554,35596754
2022-01-05,World,9318458450,9283555142,4601429918,3923640615,37837066
2022-01-06,World,9353970015,9318458450,4611363600,3936930244,37197937
2022-01-07,World,9391359539,9353970015,4625630654,3948303240,42968182
2022-01-08,World,9413694802,9391359539,4630080871,3952703115,25644170
2022-01-09,World,9445885379,9413694802,4638965409,3961905226,28558240
2022-01-10,World,9503050150,9445885379,4660918928,3984139218,31801496
2022-01-11,World,9539700040,9503050150,4670458403,3994538872,42138010
2022-01-12,World,9572527831,9539700040,4680614917,4002283788,35779582
2022-01-13,World,9609193391,9572527831,4688910592,4015796391,36685270
2022-01-14,World,9635424468,9609193391,4696424556,4025541323,28390902
2022-01-15,World,9662135301,9635424468,4705815181,4033731239,31577035
2022-01-16,World,9691405396,9662135301,4713562479,4042101759,27549496
2022-01-17,World,9722828531,9691405396,4722593689,4050341615,33186922
2022-01-18,World,9746173034,9722828531,4727480939,4055399871,24440016
2022-01-19,World,9784688773,9746173034,4738844088,4069725239,40953082
2022-01-20,World,9811692654,9784688773,4745707436,4077968672,31833893
2022-01-21,World,9844200522,9811692654,4755027921,4091122233,31613153
2022-01-22,World,9866478303,9844200522,4761611818,4098596409,26593865
2022-01-23,World,9898102970,9866478303,4767568465,4104306249,20133666
2022-01-24,World,9922529090,9898102970,4772102211,4109907237,23315789
2022-01-25,World,9947033373,9922529090,4777140194,4117403723,29109302
2022-01-26,World,9973889829,9947033373,4782539670,4124494829,28684023
2022-01-27,World,9996698032,9973889829,4786236220,4131352558,27346944
2022-01-28,World,10027491291,9996698032,4794729419,4143117854,27948801
2022-01-29,World,10045276158,10027491291,4799283832,4148737249,21441258
2022-01-30,World,10062993048,10045276158,4803396953,4156392460,19624457
2022-01-31,World,10083997666,10062993048,4808268944,4164818506,21883777
2022-02-01,World,10103150296,10083997666,4813238700,4173189153,21235783
2022-02-02,World,10122773829,10103150296,4818778771,4180821487,22383108
2022-02-03,World,10138969694,10122773829,4822501209,4186749002,21792269
2022-02-04,World,10161230414,10138969694,4828327325,4197207327,23639849
2022-02-05,World,10176341040,10161230414,4832007062,4203665924,22140880
2022-02-06,World,10243895312,10176341040,4837493438,4210718867,17225791
2022-02-07,World,10264956101,10243895312,4843646626,4215871426,19299290
2022-02-08,World,10290992335,10264956101,4848279476,4225064226,27544750
2022-02-09,World,10319600176,10290992335,4853293414,4233300601,30523361
2022-02-10,World,10342213343,10319600176,4857176905,4240436269,24073793
2022-02-11,World,10371830432,10342213343,4862021592,4250771046,33312684
2022-02-12,World,10390703650,10371830432,4865236015,4255888968,22448327
2022-02-13,World,10417655367,10390703650,4872203026,4265098526,20983672
2022-02-14,World,10439011399,10417655367,4875472703,4270355728,22335443
2022-02-15,World,10460370453,10439011399,4881194495,4280100748,25161236
2022-02-16,World,10482952965,10460370453,4885183987,4285908926,25182095
2022-02-17,World,10507703143,10482952965,4888315705,4292582088,29049177
2022-02-18,World,10552889828,10507703143,4900121032,4317499848,27007361
2022-02-19,World,10582376834,10552889828,4909013447,4326396727,25233235
2022-02-20,World,10600037393,10582376834,4913388245,4331099448,15821273
2022-02-21,World,10628813571,10600037393,4921770816,4339503927,20901206
2022-02-22,World,10651137952,10628813571,4926276037,4346139459,23187621
2022-02-23,World,10670542694,10651137952,4928871745,4351376733,24454749
2022-02-24,World,10693345284,10670542694,4944488035,4356380877,26783627
2022-02-25,World,10713824574,10693345284,4949078775,4363836750,26180429
2022-02-26,World,10729798008,10713824574,4952093855,4368829211,21816772
2022-02-27,World,10742883565,10729798008,4955390358,4371346056,16558663
2022-02-28,World,10790794229,10742883565,4979329235,4382851548,23006728
2022-03-01,World,10804191489,10790794229,4981097320,4385462127,15377991
2022-03-02,World,10820888551,10804191489,4983034024,4388001376,19671647
2022-03-03,World,10836031456,10820888551,4984511478,4393936756,19036455
2022-03-04,World,10853004685,10836031456,4987349336,4398206178,19646380
2022-03-05,World,10874465782,10853004685,4991558424,4404860640,17477666
2022-03-06,World,10900434305,10874465782,4999237428,4432468992,11923078
2022-03-07,World,10915640697,10900434305,5000744641,4436402141,15984065
2022-03-08,World,10931543662,10915640697,5003499391,4441776735,15974917
2022-03-09,World,10949234257,10931543662,5006169530,4447259359,17416357
2022-03-10,World,10965902593,10949234257,5009415378,4453339281,18138321
2022-03-11,World,10981433987,10965902593,5011244842,4457644562,18128783
2022-03-12,World,10995827412,10981433987,5012986528,4460599621,14481049
2022-03-13,World,11009228013,10995827412,5016303545,4467167186,11440034
2022-03-14,World,11022858428,11009228013,5020681075,4479917154,15063447
2022-03-15,World,11040202071,11022858428,5025087338,4485051674,16041065
2022-03-16,World,11056028753,11040202071,5026408765,4488894186,16956195
2022-03-17,World,11070554913,11056028753,5030291582,4492476603,16330968
2022-03-18,World,11084755882,11070554913,5033477331,4495835075,15023287
2022-03-19,World,11095698861,11084755882,5035008659,4497505607,12602414
2022-03-20,World,11106465527,11095698861,5037004080,4500303924,11401375
2022-03-21,World,11118760072,11106465527,5040476566,4504308998,14453050
2022-03-22,World,11135064585,11118760072,5043494918,4508010760,18116288
2022-03-23,World,11152334044,11135064585,5048041571,4512437891,18922236
2022-03-24,World,11169873186,11152334044,5052957556,4516286214,17328614
2022-03-25,World,11183842044,11169873186,5055367779,4518416598,15486838
2022-03-26,World,11196800037,11183842044,5059007704,4522188691,15907304
2022-03-27,World,11210870822,11196800037,5062144271,4526816271,12460230
2022-03-28,World,11233438126,11210870822,5063769882,4534896495,20722776
2022-03-29,World,11254034116,11233438126,5066410526,4542735424,20669612
2022-03-30,World,11271934786,11254034116,5069634551,4548951075,20850579
2022-03-31,World,11305653724,11271934786,5079153179,4567679122,16506744
2022-04-01,World,11314359544,11305653724,5081154571,4569479916,12686177
2022-04-02,World,11320430681,11314359544,5082164053,4570254634,11216450
2022-04-03,World,11331305590,11320430681,5083229994,4574320343,10035602
2022-04-04,World,11345838069,11331305590,5085783281,4577651585,10201628
2022-04-05,World,11357617179,11345838069,5088450807,4580646142,12550786
2022-04-06,World,11367552750,11357617179,5090124980,4583238561,12174385
2022-04-07,World,11380347558,11367552750,5093169370,4589203756,12675440
2022-04-08,World,11391853802,11380347558,5094620901,4591379333,12554256
2022-04-09,World,11401584975,11391853802,5097729857,4594559101,10516457
2022-04-10,World,11416922488,11401584975,5100868991,4603181944,7911827
2022-04-11,World,11426557386,11416922488,5103325232,4606868022,10120331
2022-04-12,World,11438910481,11426557386,5105805250,4610323589,11082546
2022-04-13,World,11450058391,11438910481,5106811203,4612003690,9927434
2022-04-14,World,11458687827,11450058391,5107952635,4613897007,10251532
2022-04-15,World,11464980055,11458687827,5108471326,4614927923,8266621
2022-04-16,World,11469091597,11464980055,5108760227,4615428728,8010591
2022-04-17,World,11479442451,11469091597,5109706720,4616967344,6785731
2022-04-18,World,11490092524,11479442451,5112968762,4622021904,8950940
2022-04-19,World,11501368610,11490092524,5114717927,4624593998,12122161
2022-04-20,World,11509856961,11501368610,5115471195,4626060530,10320194
2022-04-21,World,11521442595,11509856961,5116617317,4628106796,12260778
2022-04-22,World,11530404801,11521442595,5117665780,4630337995,11488775
2022-04-23,World,11540017959,11530404801,5119409928,4632151242,10051392
2022-04-24,World,11549792826,11540017959,5121257224,4635509366,7879030
2022-04-25,World,11558572662,11549792826,5122343473,4637265498,9289900
2022-04-26,World,11577911400,11558572662,5132821403,4644328351,10929768
2022-04-27,World,11588476583,11577911400,5136427246,4649298995,13159664
2022-04-28,World,11597942807,11588476583,5137883413,4652206521,11606791
2022-04-29,World,11608960386,11597942807,5139442681,4656113985,12145050
2022-04-30,World,11616215383,11608960386,5140813748,4658413343,8389482
2022-05-01,World,11628262716,11616215383,5143420965,4661458186,6773940
2022-05-02,World,11632755859,11628262716,5143792238,4662636540,5884675
2022-05-03,World,11638321867,11632755859,5144490402,4664371722,6978088
2022-05-04,World,11643100678,11638321867,5145072835,4665381612,6497378
2022-05-05,World,11648409875,11643100678,5146844126,4668445394,7357416
2022-05-06,World,11660487736,11648409875,5148508576,4670559686,8622537
2022-05-07,World,11666288028,11660487736,5149316279,4672741491,7308987
2022-05-08,World,11674262402,11666288028,5155975569,4676786458,6082018
2022-05-09,World,11679435048,11674262402,5156549676,4678360097,6902211
2022-05-10,World,11687306246,11679435048,5157552401,4680775211,8045361
2022-05-11,World,11695934596,11687306246,5158343699,4683530248,9524035
2022-05-12,World,11702929817,11695934596,5160342940,4686919712,8882762
2022-05-13,World,11713919528,11702929817,5161244592,4688962961,8171656
2022-05-14,World,11719447409,11713919528,5162032925,4690767506,7006778
2022-05-15,World,11728190919,11719447409,5163614465,4694437077,5780515
2022-05-16,World,11734149849,11728190919,5165007214,4695302811,6947902
2022-05-17,World,11739234756,11734149849,5165580815,4696450610,8157688
2022-05-18,World,11747357288,11739234756,5166588286,4698721752,8752438
2022-05-19,World,11753434151,11747357288,5167242246,4700296820,8924735
2022-05-20,World,11763024761,11753434151,5168441621,4702532865,8907331
2022-05-21,World,11767725716,11763024761,5169058003,4704037833,7250389
2022-05-22,World,11784493596,11767725716,5173894872,4710014935,6193060
2022-05-23,World,11789463426,11784493596,5174274580,4711238501,6705146
2022-05-24,World,11798414094,11789463426,5175432667,4714748214,7448437
2022-05-25,World,11803647622,11798414094,5176078251,4716212088,7421996
2022-05-26,World,11810742152,11803647622,5177768112,4718955122,7474352
2022-05-27,World,11818427854,11810742152,5178601212,4720755158,9135406
2022-05-28,World,11823792753,11818427854,5179184891,4722288746,6701267
2022-05-29,World,11830398907,11823792753,5180450499,4723849554,5050928
2022-05-30,World,11836985118,11830398907,5182625957,4725258156,5723368
2022-05-31,World,11842825676,11836985118,5183326892,4727051133,7366699
2022-06-01,World,11848744321,11842825676,5185194186,4730151176,7598269
2022-06-02,World,11852459238,11848744321,5185564783,4730875591,6094413
2022-06-03,World,11861092319,11852459238,5187641013,4733235557,6666088
2022-06-04,World,11867038259,11861092319,5188386345,4734952307,9460948
2022-06-05,World,11877867427,11867038259,5195583587,4739095317,9282134
2022-06-06,World,11884954214,11877867427,5195922015,4739939700,10512473
2022-06-07,World,11904395025,11884954214,5196698291,4741490933,12681394
2022-06-08,World,11917397691,11904395025,5199036733,4744442533,9864267
2022-06-09,World,11923562349,11917397691,5199609429,4746895116,9890122
2022-06-10,World,11930967416,11923562349,5200452780,4748552620,8679137
2022-06-11,World,11935835368,11930967416,5200911889,4749929019,7524326
2022-06-12,World,11944759993,11935835368,5201675172,4751637924,6398109
2022-06-13,World,11950025650,11944759993,5202409554,4753052036,7221675
2022-06-14,World,11957504090,11950025650,5202934966,4754463670,7957466
2022-06-15,World,11965217934,11957504090,5203865030,4756475055,7801226
2022-06-16,World,11972580720,11965217934,5206370961,4760194039,8227896
2022-06-17,World,11979728276,11972580720,5207212416,4762186876,7768459
2022-06-18,World,11987935451,11979728276,5209758948,4764291032,6952065
2022-06-19,World,12000659263,11987935451,5218612695,4775740020,4980193
2022-06-20,World,12005296514,12000659263,5218867084,4776431553,9359893
2022-06-21,World,12012220889,12005296514,5219620381,4778135999,10736230
2022-06-22,World,12018277868,12012220889,5220138828,4779881375,11275390
2022-06-23,World,12027549513,12018277868,5222521733,4782466643,11467710
2022-06-24,World,12034805144,12027549513,5223235105,4783995643,11363165
2022-06-25,World,12039622021,12034805144,5223735456,4785328043,10026364
2022-06-26,World,12067707166,12039622021,5227179609,4789159927,8954630
2022-06-27,World,12075758961,12067707166,5229003948,4791572785,7612476
2022-06-28,World,12081151576,12075758961,5229692088,4793191221,9967227
2022-06-29,World,12090866434,12081151576,5232461691,4796975783,9380510
2022-06-30,World,12096624328,12090866434,5233050022,4798516007,7991292
2022-07-01,World,12101486607,12096624328,5233491235,4799734349,7608664
2022-07-02,World,12106399387,12101486607,5234233728,4800654244,6430927
2022-07-03,World,12116681662,12106399387,5238261179,4806982019,5535526
2022-07-04,World,12121118317,12116681662,5238661313,4807678202,6580861
2022-07-05,World,12126705763,12121118317,5239361241,4808971218,7838602
2022-07-06,World,12131154313,12126705763,5241350584,4809936236,7769263
2022-07-07,World,12139187056,12131154313,5244171877,4813599972,8156181
2022-07-08,World,12147328429,12139187056,5246717727,4815098249,8821553
2022-07-09,World,12149864642,12147328429,5246852553,4815332018,6846182
2022-07-10,World,12166958822,12149864642,5257164987,4822193535,5606924
2022-07-11,World,12175484793,12166958822,5257820364,4823090786,7770696
2022-07-12,World,12183499447,12175484793,5258658508,4824619931,6732457
2022-07-13,World,12189438906,12183499447,5259073392,4825956711,7697815
2022-07-14,World,12197101291,12189438906,5259650778,4828393716,9761934
2022-07-15,World,12205675028,12197101291,5260231869,4829732437,9249863
2022-07-16,World,12209500300,12205675028,5260622900,4830303038,7263029
2022-07-17,World,12220815940,12209500300,5266003769,4835691324,6549577
2022-07-18,World,12228863747,12220815940,5266500719,4837025776,11068459
2022-07-19,World,12245809747,12228863747,5269243070,4840192234,12593025
2022-07-20,World,12252132599,12245809747,5272091214,4843375998,10558034
2022-07-21,World,12268482796,12252132599,5273413132,4845147934,11059510
2022-07-22,World,12276988378,12268482796,5276361060,4846703573,11279535
2022-07-23,World,12284113435,12276988378,5277203287,4847423461,9907576
2022-07-24,World,12298359303,12284113435,5280101506,4850690707,8008023
2022-07-25,World,12303852774,12298359303,5280374984,4851456431,7773237
2022-07-26,World,12313424905,12303852774,5281075425,4852369675,9644717
2022-07-27,World,12322067558,12313424905,5283368357,4855121747,9600902
2022-07-28,World,12330560209,12322067558,5283709589,4855903974,10613724
2022-07-29,World,12338963650,12330560209,5284253738,4856955255,10381833
2022-07-30,World,12346574018,12338963650,5284997786,4857737234,9189395
2022-07-31,World,12351653718,12346574018,5299039162,4869066060,7351168
2022-08-01,World,12356083311,12351653718,5299284047,4869708418,6311986
2022-08-02,World,12364220228,12356083311,5300051516,4870559748,8305294
2022-08-03,World,12367672794,12364220228,5300305920,4870933011,8776917
2022-08-04,World,12384092587,12367672794,5301587272,4873065212,8825187
2022-08-05,World,12392795819,12384092587,5303988181,4874206290,9539840
2022-08-06,World,12398569357,12392795819,5304299572,4874860814,7940955
2022-08-07,World,12414519506,12398569357,5316659778,4883056894,6624995
2022-08-08,World,12420790885,12414519506,5317778342,4884382197,7859043
2022-08-09,World,12428031840,12420790885,5321107539,4888602267,7808027
2022-08-10,World,12432399647,12428031840,5321414660,4889093664,6366297
2022-08-11,World,12437008176,12432399647,5321645684,4889527759,7273537
2022-08-12,World,12442188634,12437008176,5322639656,4890443565,7033058
2022-08-13,World,12445828991,12442188634,5322794803,4890790569,6467126
2022-08-14,World,12458344163,12445828991,5328776838,4898061171,6020307
2022-08-15,World,12464528173,12458344163,5330853953,4900128806,6492569
2022-08-16,World,12468630749,12464528173,5331178470,4900708684,5794372
2022-08-17,World,12476679282,12468630749,5331723382,4901356838,8033560
2022-08-18,World,12491227003,12476679282,5333317566,4903369782,8740163
2022-08-19,World,12498165182,12491227003,5334282512,4904242504,7767634
2022-08-20,World,12501494232,12498165182,5334478161,4904584061,5770468
2022-08-21,World,12524698447,12501494232,5340300328,4909752626,6289412
2022-08-22,World,12532415916,12524698447,5340899419,4910792314,7562148
2022-08-23,World,12537471407,12532415916,5341265454,4911286745,7557514
2022-08-24,World,12542852942,12537471407,5341714301,4911795392,7189876
2022-08-25,World,12547352205,12542852942,5342109303,4912328819,6852190
2022-08-26,World,12553997140,12547352205,5343511007,4913122270,7653638
2022-08-27,World,12558215620,12553997140,5343706587,4913539730,6473061
2022-08-28,World,12570132112,12558215620,5346929206,4916334714,5722787
2022-08-29,World,12577515335,12570132112,5347911492,4917753489,7393145
2022-08-30,World,12583713142,12577515335,5348900339,4918509630,7045016
2022-08-31,World,12588610540,12583713142,5349322990,4919599623,6477178
2022-09-01,World,12596257112,12588610540,5349999588,4920747341,4987351
2022-09-02,World,12600924419,12596257112,5350856476,4921418045,5780143
2022-09-03,World,12604902020,12600924419,5351019633,4921777639,5683096
2022-09-04,World,12625074226,12604902020,5358825281,4928391762,4618462
2022-09-05,World,12628938048,12625074226,5358941392,4928721289,5608721
2022-09-06,World,12632153020,12628938048,5359101493,4929006999,4957790
2022-09-07,World,12636209281,12632153020,5360694670,4931746285,5220683
2022-09-08,World,12643120052,12636209281,5361181199,4932523289,6756522
2022-09-09,World,12649180282,12643120052,5361756085,4933144531,6243450
2022-09-10,World,12652515640,12649180282,5361897047,4933442726,4927513
2022-09-11,World,12657410804,12652515640,5362966545,4934731974,4234464
2022-09-12,World,12662200083,12657410804,5363481610,4935443468,5764807
2022-09-13,World,12669018353,12662200083,5364917181,4936782968,5875709
2022-09-14,World,12673490435,12669018353,5365247864,4937188458,5613448
2022-09-15,World,12679801405,12673490435,5365851485,4938012460,6456284
2022-09-16,World,12684535671,12679801405,5366773553,4938494093,5488343
2022-09-17,World,12688765491,12684535671,5367038552,4938881145,6247426
2022-09-18,World,12699687125,12688765491,5372594519,4944054415,4574672
2022-09-19,World,12702923530,12699687125,5373037447,4944532558,5077224
2022-09-20,World,12706590173,12702923530,5373324091,4944913935,5783705
2022-09-21,World,12709868067,12706590173,5373582644,4945226357,5598760
2022-09-22,World,12714893848,12709868067,5374035698,4945882290,6052504
2022-09-23,World,12718848575,12714893848,5374290203,4946293529,5873508
2022-09-24,World,12721943426,12718848575,5374464268,4946587537,5420419
2022-09-25,World,12731043416,12721943426,5379406975,4951355926,4888524
2022-09-26,World,12735943345,12731043416,5380515184,4951888456,6567354
2022-09-27,World,12746043482,12735943345,5381739682,4953352469,6599864
2022-09-28,World,12750379821,12746043482,5382150174,4954811687,6865868
2022-09-29,World,12756253613,12750379821,5382689568,4955389360,7668459
2022-09-30,World,12762618764,12756253613,5383082595,4955918779,8637874
2022-10-01,World,12770176575,12762618764,5383564767,4956933665,5681840
2022-10-02,World,12775188332,12770176575,5385696949,4959640803,5391055
2022-10-03,World,12776849821,12775188332,5385963943,4959766957,5753938
2022-10-04,World,12779442328,12776849821,5386151045,4960251605,6346254
2022-10-05,World,12789057282,12779442328,5386740235,4961507003,6106248
2022-10-06,World,12791959470,12789057282,5386991027,4961770025,4488899
2022-10-07,World,12809545910,12791959470,5387520791,4964136459,4743200
2022-10-08,World,12811368794,12809545910,5387610196,4964284608,3603057
2022-10-09,World,12827445888,12811368794,5397073418,4975012955,2852398
2022-10-10,World,12829522453,12827445888,5397292991,4975223279,2385262
2022-10-11,World,12832863959,12829522453,5398430886,4976413552,2934350
2022-10-12,World,12835468867,12832863959,5398600284,4976960850,3345808
2022-10-13,World,12837844580,12835468867,5398763945,4977076171,3218909
2022-10-14,World,12842205071,12837844580,5398992665,4978221934,3105904
2022-10-15,World,12843902705,12842205071,5399065508,4978352818,2783023
2022-10-16,World,12849920120,12843902705,5404619068,4979236095,1995163
2022-10-17,World,12852959005,12849920120,5405070678,4980164128,2025808
2022-10-18,World,12855269984,12852959005,5405233864,4980936440,NULL
2022-10-19,World,12856574214,12855269984,5405294895,4981047628,NULL
2022-10-20,World,12858269673,12856574214,5405410045,4981212308,NULL
2022-10-21,World,12859649512,12858269673,5405507452,4981410925,NULL
2022-10-22,World,12862090100,12859649512,5406765133,4981574172,NULL
2022-10-23,World,12862546984,12862090100,5406783973,4981623125,NULL
